book:title	book:isbn	movie:youtube_id
子どもが体験するべき50の危険なこと	978-4-87311-498-9	SVL2md7bvLk
桜が創った「日本」 : ソメイヨシノ起源への旅	4-00-430936-0	9qs3rYM0EGw
繁栄 : 明日を切り拓くための人類10万年史	978-4-15-050388-8	Zi-jxy4pDDU
嫉妬の世界史	4-10-610091-6	Ys-yf8VdDmk
競争と公平感 : 市場経済の本当のメリット	978-4-12-102045-1	-kl3_2S0wWg
天地明察	978-4-04-874013-5	hLzwlMEdmJw
影響力の武器 : なぜ、人は動かされるのか	4-414-30269-2	v16wldIOrfs
影響力の武器 : なぜ、人は動かされるのか	978-4-414-30416-9	YEgXJdXvZuU
影響力の武器 : なぜ、人は動かされるのか	978-4-414-30416-9	9RZSUdy73W0
神と仏の間	978-4-06-159798-3	TQicng1jomE
四角い魔術師	4882934353	FJykh8KNCpA
ザンジバル・ゴースト・ストーリーズ	4396634072	7FZbEPyBs9U
彼女はもういない	4344020618	uFURJvVodXY
万物理論	4488711022	OcxQdLREM_M
赤ちゃんの科学	4140814292	BHJ5Z_-zzyg
新ハムレット	4101006121	GEvAaRywoxU
真景累ヶ淵	4121600975	8LABz-fzCAc
木久蔵の心霊教室	4806311219	fQtQONLyopE
雨月物語	4480083774	YusIFqCGiIw
諸怪志異第一集	978-4334901783	gRaFNAAHHGc
諸怪志異第二集	978-4334901790	gRaFNAAHHGc
諸怪志異第三集	978-4334901806	gRaFNAAHHGc
こわい話	978-4751527436	AAUJQsdAyds
東海道四谷怪談	978-4834274868	0oD0t4V1Lu4
お化け長屋のおかしな怪談	978-4591084021	HkTuMRjoMeA
インディアスの破壊についての簡潔な報告	978-4003580011	It4vftwL_e8
ピース・オブ・ケーキとトゥワイス・トールド・テールズ	978-4103050049	fMzQPtPunDc
眼で食べる日本人	978-4751103197	o2DGNXxEsLo
あたしはビー玉	978-4344017603	QSdZOHN-mic
ぼくらの地図旅行	978-4834008265	iSukQ2k0JIo
アイデン＆ティティ ２４歳／２７歳	978-4043434015	CYLX7gSx4k0
犬から見た世界―その目で耳で鼻で感じていること	978-4826990516	dl5Nt3QJx5c
立腹帖	978-4480037626	vG3GQBSpWcg
ブラック・メタルの血塗られた歴史	978-4944124329	WHzYv_Aac3k
階段途中のビッグ・ノイズ	978-4344414754	8bmDfZI61NA
プラネタリウムのふたご	978-4062755252	My-Kr2gqAFU
宇宙女子	978-4883864034	ZNNNThTirXM
団地団	978-4873763866	ENl4Nku3LRA
１０秒の壁 「人類最速」をめぐる百年の物語	978-4087204476	DDEun5_r_YM
シャドー81	978-4150411800	gxReMFYnjWM
時の町の伝説	978-4198618766	kmHziznEiqM
成功できる人の営業思考	978-4569801223	BbPZOV2fugk
いのちのいろえんぴつ	978-4774606743	xn0ZkYMOktk
おとうさんのちず	978-4751525210	TSow_Zkg17Q
東京バス散歩	978-4874353851	B-xZaHEqW_k
怪しくゆかいな妖怪穴	978-4620321042	ow3ZM-6zpv8
鉄塔武蔵野線	978-4797342642	sJ5bVn1ZwO0
初恋	978-4898150641	7-T2xwXp6ZM
夜が運ばれてくるまでに	978-4048702355	W6lWWXBzbAE
理系の子　高校生科学オリンピックの青春	978-4163750804	7qqn_8KTrzA
季節風 　夏	978-4167669119	j5R_UVt4SNA
国語入試問題必勝法	978-4061847743	ciEXQA-A_Qs
怪談えほん (5) ちょうつがい きいきい	978-4265079551	G6AHsYRx8wY
狂人の太鼓	978-4336044556	eXwvMX6WJ1s
イカロス君の大航海	978-4904260722	yCB0oQgYStY
人間仮免中	978-4781607412	__sQU6LLyGU
江戸の可愛らしい化物たち	978-4396112622	NB_Lc1aROjs
きのこ絵	978-4756242587	wJOxCeJH3rA
マタンゴ―最後の逆襲	978-4041789872	GtW8hFDAf4w
百物語	978-4101149134	HYcL5SjkYr0
大学で何を学ぶか	978-4877287054	4s8Q9o3DBRw
異性	978-4309021041	Py036Cmh7Io
図説 死因百科	978-4314010764	zMwQ2Y6UERs
ドラゴン	9784775300824	CxwqlQPAcrc
政治家の裏事情	9784344021808	SBD8E4iYZNE
流星ワゴン	9784062749985	-9oulzDr8_4
青の炎	9784041979068	AHduzN2FQ1w
ゆるく考えよう	9784781605173	LETJFGoFA1U
ティファニ－で朝食を	9784105014070	h7ywtCuxK9A
